number,name
2,Aliya Shirin
12,Mohammed Wasim Uddin
17,Gurale Rajesh
21,Salve B P
22,Madikar Kailesh
23,Sharma Jitendra
26,Baig Irshad
28,Baje Deepak
38,Khan Taufiq
46,Shaikh Salim (Sales)
57,Siddqui Shoeb (Sales)
59,Jaidi Ali (Delivery)
89,Ethesham DON (Sales)
94,Sajid Roshan Shah (OPPO)
95,Rahul Khillare (Delivery)
99,Syed Wasim (Delivery)
100,Videsh Ingle (Account)
101,Pervez Khan (Driver)
110,Furquan Ahmed (Sales)
117,Vijay Gaikwad (Recovery)
121,Shaikh Ammar Uddin (Billing)
122,Prashant Bankar (Account)
124,Rupesh Pandharinath (Account)
129,Shaikh Zameer (Delivery)
133,Nihal Khan (Sales)
134,Shaik Sohel (Billing)
135,Dilip Jadhav (Account)
136,Syed Mohammed (Delivery)
137,Digamber Rathod (Waluj)
138,Yash (Office Boy)
139,Faizan Khan (Account)
